voter_id,age,past_vote_score,received_mail,turned_out_2022
1,21,0,0,0
2,31,1,0,0
3,72,0,1,1
4,82,1,0,0
5,71,4,1,1
6,38,0,0,0
7,45,1,0,0
8,66,0,0,0
9,51,4,1,1
10,33,4,0,1
11,55,4,1,1
12,42,2,0,1
13,55,1,0,0
14,66,0,0,0
15,38,2,0,1
16,27,2,0,1
17,38,1,0,1
18,46,4,1,1
19,47,0,0,0
20,52,3,1,0
21,58,4,1,1
22,36,3,1,1
23,51,4,1,1
24,69,4,1,0
25,83,1,0,0
26,37,0,0,0
27,26,3,1,1
28,50,3,0,0
29,32,0,0,0
30,61,2,1,1
31,18,3,0,0
32,82,2,0,1
33,56,0,0,0
34,37,1,0,1
35,18,4,1,1
36,64,0,0,0
37,48,2,1,0
38,28,0,0,0
39,34,4,1,1
40,39,4,1,1
41,45,3,0,1
42,57,1,0,0
43,74,2,0,1
44,46,1,1,1
45,47,4,1,1
46,47,0,0,1
47,27,2,0,1
48,45,3,1,1
49,78,4,1,1
50,42,3,1,1
51,72,2,0,0
52,30,0,0,0
53,49,0,0,0
54,72,1,0,0
55,74,0,0,0
56,24,0,0,0
57,29,0,0,0
58,70,1,0,1
59,25,3,1,1
60,51,3,0,0
61,72,2,0,0
62,80,4,1,1
63,25,0,0,1
64,79,4,1,1
65,25,1,0,1
66,26,1,0,0
67,69,1,0,0
68,23,1,0,0
69,84,4,1,1
70,48,2,1,1
71,76,2,1,0
72,19,0,0,0
73,27,0,0,0
74,62,1,0,0
75,54,2,1,0
76,19,2,0,0
77,35,0,0,0
78,37,4,1,1
79,44,2,0,0
80,80,4,1,1
81,29,0,0,0
82,18,0,0,1
83,38,2,0,0
84,19,3,1,0
85,22,1,0,0
86,73,1,0,0
87,63,0,0,0
88,63,0,0,0
89,37,3,0,1
90,40,1,0,1
91,70,2,0,0
92,52,1,0,0
93,22,3,0,1
94,62,3,1,0
95,46,1,1,1
96,53,2,0,0
97,62,2,0,1
98,60,4,0,1
99,40,2,0,0
100,31,0,0,0
101,73,2,0,1
102,42,3,1,1
103,84,0,0,0
104,64,1,0,0
105,58,2,0,1
106,82,2,1,1
107,55,3,1,1
108,40,3,1,1
109,18,4,1,1
110,59,4,1,1
111,83,1,0,0
112,28,1,0,0
113,60,4,1,0
114,57,1,0,1
115,23,0,0,0
116,76,0,0,0
117,67,1,0,1
118,31,0,0,0
119,77,4,1,1
120,76,0,0,0
121,58,4,0,1
122,82,4,1,1
123,38,3,0,1
124,49,2,0,1
125,80,4,1,1
126,54,0,0,0
127,28,4,1,1
128,45,1,1,0
129,77,4,1,1
130,67,3,0,1
131,66,0,0,0
132,67,2,0,0
133,46,3,1,1
134,21,3,1,1
135,39,3,0,0
136,21,4,0,1
137,28,0,0,1
138,41,3,1,1
139,76,1,0,0
140,53,3,0,0
141,28,2,0,0
142,62,0,0,1
143,21,0,0,0
144,37,0,0,0
145,45,0,0,0
146,39,2,0,0
147,38,0,0,1
148,57,0,0,0
149,68,3,0,1
150,49,4,1,1
151,33,4,1,1
152,62,0,0,0
153,82,0,0,1
154,80,3,1,0
155,37,3,1,1
156,79,2,0,0
157,52,4,1,1
158,53,0,0,0
159,66,3,1,1
160,41,2,0,1
161,61,2,1,0
162,19,2,0,1
163,70,1,0,0
164,80,3,1,1
165,46,2,0,1
166,65,4,1,1
167,60,3,1,1
168,50,2,1,0
169,33,2,0,0
170,42,1,0,0
171,54,4,0,1
172,47,2,0,1
173,34,4,1,0
174,55,4,1,1
175,31,3,0,1
176,79,3,1,1
177,50,0,0,0
178,69,0,0,0
179,37,0,0,0
180,28,2,0,1
181,46,3,0,1
182,56,3,0,0
183,25,2,0,0
184,45,1,0,1
185,40,1,0,1
186,75,3,0,1
187,47,0,0,0
188,27,3,0,0
189,43,4,1,1
190,52,1,0,1
191,57,1,0,0
192,74,2,1,0
193,52,3,1,1
194,23,0,0,0
195,50,4,1,1
196,20,4,0,1
197,23,2,0,1
198,74,4,0,1
199,73,4,1,1
200,78,0,0,0
201,38,0,0,0
202,69,2,0,0
203,29,3,1,1
204,83,3,0,1
205,77,4,1,1
206,81,2,0,0
207,52,1,0,0
208,80,3,1,0
209,48,4,1,1
210,70,0,0,0
211,77,0,0,0
212,81,1,0,1
213,71,2,0,0
214,76,1,0,0
215,83,4,1,1
216,53,0,0,0
217,82,2,1,1
218,80,2,0,1
219,62,3,1,1
220,76,3,0,0
221,67,1,0,0
222,58,0,0,0
223,67,3,0,0
224,81,1,0,1
225,60,4,0,1
226,30,3,1,1
227,70,1,0,0
228,78,0,0,0
229,68,4,1,1
230,66,4,0,1
231,22,3,1,1
232,47,2,0,1
233,30,0,0,0
234,23,0,0,1
235,65,2,0,1
236,41,3,1,1
237,48,3,1,1
238,77,1,0,0
239,77,0,0,0
240,27,1,0,0
241,56,4,1,1
242,76,2,0,1
243,79,3,1,1
244,55,2,0,1
245,53,3,1,0
246,81,0,0,0
247,63,1,0,1
248,35,2,0,0
249,57,0,0,1
250,34,2,1,1
251,40,3,1,0
252,82,2,0,0
253,79,2,0,1
254,32,2,0,1
255,68,1,0,0
256,29,2,0,1
257,33,4,1,1
258,66,2,0,0
259,47,0,0,0
260,59,4,0,1
261,77,0,0,0
262,32,3,1,0
263,81,2,1,1
264,35,4,1,1
265,71,4,1,1
266,30,3,0,1
267,22,2,0,1
268,48,3,0,1
269,63,2,1,1
270,76,0,0,0
271,20,4,1,1
272,44,1,1,0
273,45,1,0,1
274,18,1,0,0
275,50,1,0,1
276,34,0,1,0
277,59,1,1,1
278,71,1,0,0
279,75,3,0,1
280,75,0,0,0
281,84,0,0,0
282,25,0,0,0
283,31,3,1,0
284,28,0,0,1
285,53,1,0,0
286,66,2,0,1
287,82,3,1,1
288,45,0,0,0
289,61,3,0,1
290,58,0,0,0
291,37,2,0,1
292,28,0,0,1
293,34,2,0,0
294,60,4,1,1
295,24,3,0,1
296,31,2,0,1
297,46,3,0,1
298,65,4,1,1
299,72,1,0,0
300,21,4,1,1
301,21,2,1,0
302,61,2,0,1
303,69,1,1,0
304,29,0,0,0
305,76,3,1,1
306,28,2,0,1
307,24,4,1,1
308,80,3,1,1
309,83,1,0,0
310,80,2,0,1
311,68,1,0,1
312,56,1,0,0
313,55,2,1,1
314,40,3,1,1
315,82,1,0,0
316,27,2,0,0
317,20,3,1,1
318,72,2,0,0
319,55,3,1,1
320,39,2,0,0
321,29,2,0,1
322,69,3,1,1
323,61,2,1,0
324,83,0,0,0
325,62,1,0,0
326,48,1,0,1
327,37,1,0,0
328,81,1,0,0
329,75,4,1,1
330,59,4,0,1
331,74,1,1,0
332,53,2,0,1
333,57,0,0,1
334,54,2,1,0
335,82,0,0,0
336,75,0,0,0
337,59,1,0,0
338,75,0,0,0
339,28,2,0,1
340,74,1,0,0
341,38,4,1,1
342,70,3,0,1
343,60,0,0,1
344,54,3,1,0
345,37,4,1,1
346,62,1,0,0
347,34,3,1,0
348,66,2,0,1
349,29,1,0,0
350,20,2,0,1
351,61,1,0,0
352,35,1,0,1
353,82,0,0,0
354,22,4,1,1
355,34,4,1,1
356,39,1,0,1
357,48,2,0,0
358,47,3,1,1
359,42,3,1,0
360,77,3,0,1
361,71,4,0,1
362,35,4,0,1
363,65,3,1,1
364,33,4,1,1
365,75,2,0,1
366,29,3,0,1
367,62,3,0,1
368,82,3,1,1
369,65,0,0,0
370,60,0,0,1
371,78,2,0,1
372,75,3,1,0
373,50,0,0,1
374,72,4,1,1
375,33,2,1,1
376,76,4,1,1
377,20,3,1,1
378,55,1,0,0
379,71,1,0,0
380,64,4,1,1
381,82,4,1,1
382,23,3,1,0
383,20,2,0,1
384,31,1,0,0
385,35,2,1,1
386,77,1,0,0
387,35,1,1,0
388,22,3,1,1
389,23,1,0,0
390,78,3,1,1
391,54,1,0,0
392,52,2,1,1
393,74,3,0,1
394,81,1,0,0
395,52,4,1,1
396,73,0,0,0
397,55,4,1,1
398,57,2,0,0
399,74,1,0,1
400,73,2,1,0
401,27,0,0,0
402,38,4,0,1
403,74,4,1,1
404,64,2,0,0
405,37,4,1,0
406,74,2,0,0
407,64,4,1,1
408,32,1,1,1
409,67,4,0,1
410,75,2,1,0
411,43,3,1,0
412,40,3,0,1
413,58,0,0,0
414,55,4,0,1
415,64,1,0,1
416,35,1,0,0
417,65,2,0,0
418,29,1,1,0
419,70,3,0,0
420,34,0,0,0
421,77,3,0,1
422,41,4,1,1
423,25,4,1,1
424,39,2,1,0
425,62,1,0,0
426,28,2,1,0
427,53,4,1,1
428,29,4,1,1
429,37,4,1,1
430,61,4,1,1
431,28,0,1,0
432,51,4,1,1
433,21,3,1,1
434,56,2,0,0
435,56,3,1,1
436,74,1,0,0
437,36,2,1,0
438,69,2,1,1
439,31,4,1,1
440,75,2,1,1
441,67,2,0,1
442,59,1,0,0
443,38,1,0,0
444,57,3,1,1
445,82,3,1,1
446,63,4,1,1
447,78,4,1,1
448,73,0,0,0
449,69,2,0,1
450,42,4,1,1
451,82,3,1,1
452,33,4,1,1
453,61,2,0,1
454,43,1,0,0
455,23,0,1,0
456,84,3,1,1
457,35,4,1,1
458,68,1,0,0
459,61,2,0,1
460,56,3,1,1
461,32,2,0,0
462,78,0,0,0
463,47,4,1,1
464,66,1,0,0
465,32,0,0,0
466,37,3,1,1
467,78,4,0,1
468,35,0,0,0
469,66,3,1,1
470,61,4,1,1
471,79,2,1,1
472,56,4,1,0
473,54,2,0,0
474,58,3,1,1
475,54,2,1,0
476,68,3,0,0
477,55,1,1,0
478,62,0,0,0
479,45,3,1,1
480,52,4,1,1
481,48,4,1,1
482,46,4,1,1
483,60,3,0,1
484,18,1,0,0
485,70,1,0,0
486,79,3,0,1
487,59,2,1,1
488,47,0,0,0
489,40,0,0,0
490,68,0,0,0
491,22,2,1,0
492,60,0,0,0
493,81,4,0,1
494,77,4,1,1
495,38,2,0,0
496,19,1,0,0
497,42,4,1,1
498,72,3,1,1
499,41,0,0,0
500,18,1,0,1
501,60,2,1,0
502,51,0,0,0
503,33,0,0,0
504,57,4,1,1
505,65,2,0,1
506,79,1,0,0
507,65,4,1,1
508,45,3,0,1
509,28,4,1,1
510,27,2,0,1
511,82,4,1,1
512,59,1,0,0
513,80,1,1,0
514,76,0,0,0
515,25,4,1,1
516,20,2,0,0
517,27,1,1,0
518,25,0,0,1
519,22,3,1,1
520,71,1,0,0
521,66,3,1,1
522,35,4,1,1
523,68,1,0,0
524,18,1,0,0
525,72,3,1,0
526,76,1,0,1
527,22,0,0,0
528,48,0,0,1
529,75,0,0,0
530,49,0,0,0
531,45,1,0,0
532,82,1,0,1
533,58,4,1,1
534,48,2,1,1
535,46,4,1,1
536,40,4,1,1
537,24,3,0,0
538,58,3,0,1
539,66,2,1,1
540,46,1,0,0
541,25,3,1,0
542,35,4,1,1
543,28,2,0,0
544,42,0,0,0
545,23,4,0,1
546,45,4,1,1
547,56,2,0,1
548,33,1,0,0
549,44,1,0,1
550,54,2,0,1
551,57,2,1,1
552,77,3,1,0
553,58,3,0,1
554,23,3,1,1
555,20,1,0,0
556,71,4,1,1
557,66,1,0,1
558,61,4,1,1
559,76,3,1,0
560,35,1,0,0
561,25,4,1,1
562,24,0,0,0
563,26,1,0,1
564,76,4,1,1
565,79,4,1,1
566,70,4,1,1
567,54,2,1,0
568,40,3,1,1
569,48,1,0,0
570,52,2,0,1
571,76,3,1,0
572,56,1,0,0
573,29,0,0,0
574,25,3,1,1
575,81,0,0,0
576,30,2,0,0
577,45,1,0,0
578,78,4,1,0
579,22,2,1,0
580,44,0,0,0
581,27,3,1,1
582,67,4,1,1
583,35,3,0,1
584,82,0,0,0
585,73,0,0,1
586,68,4,0,1
587,75,2,0,1
588,73,3,1,1
589,28,3,0,1
590,27,1,1,1
591,67,1,0,1
592,57,0,0,0
593,34,0,0,0
594,83,4,1,1
595,29,2,0,0
596,19,3,1,1
597,49,0,0,0
598,39,3,1,1
599,36,3,1,1
600,56,3,1,1
601,49,2,0,1
602,43,4,1,1
603,68,0,0,0
604,74,2,1,0
605,35,4,1,1
606,79,1,0,0
607,55,2,0,0
608,49,4,1,1
609,64,3,1,1
610,41,4,1,1
611,44,3,1,1
612,70,0,0,1
613,48,2,1,1
614,66,3,1,0
615,69,3,1,0
616,22,3,0,1
617,28,4,1,1
618,39,2,0,1
619,60,3,0,1
620,30,0,0,0
621,46,4,1,1
622,82,4,1,0
623,31,3,1,0
624,32,0,0,0
625,57,2,1,0
626,79,4,1,1
627,58,3,1,1
628,20,0,0,0
629,49,1,0,0
630,72,2,0,1
631,41,3,1,1
632,21,3,0,0
633,72,3,1,1
634,53,1,0,0
635,31,0,0,0
636,59,2,1,1
637,58,3,1,1
638,32,4,1,1
639,40,4,1,1
640,28,2,0,1
641,57,1,0,0
642,83,1,0,0
643,67,4,1,1
644,40,4,1,1
645,41,1,0,0
646,63,0,0,0
647,67,1,0,0
648,70,3,0,1
649,80,3,1,1
650,55,1,1,1
651,39,2,0,0
652,83,3,1,1
653,64,4,1,1
654,45,3,0,1
655,56,1,0,1
656,62,2,0,1
657,48,0,0,0
658,72,2,1,1
659,44,1,0,0
660,53,4,1,1
661,55,2,0,0
662,30,4,1,1
663,25,3,0,0
664,34,1,0,0
665,68,1,0,0
666,71,2,0,1
667,69,0,0,0
668,76,2,0,1
669,29,0,0,0
670,26,2,0,1
671,45,3,1,1
672,61,2,0,1
673,61,3,0,1
674,30,0,0,0
675,33,0,0,0
676,18,3,0,1
677,56,1,0,0
678,29,2,0,1
679,39,2,1,0
680,72,1,0,0
681,45,0,0,1
682,84,1,0,1
683,33,2,0,1
684,79,1,1,0
685,31,0,0,0
686,66,1,0,0
687,36,1,1,0
688,39,4,1,1
689,70,1,0,0
690,29,1,0,1
691,67,0,0,0
692,49,1,0,1
693,54,4,1,1
694,44,2,0,1
695,55,3,1,0
696,81,1,0,1
697,27,4,1,0
698,58,2,1,0
699,71,4,1,1
700,27,3,1,1
701,45,2,1,1
702,82,3,1,1
703,72,3,0,1
704,37,4,1,1
705,44,4,0,1
706,68,2,0,0
707,57,0,0,0
708,25,1,0,0
709,76,0,0,1
710,33,1,1,1
711,38,0,0,0
712,51,4,1,1
713,33,2,0,1
714,52,3,1,1
715,27,4,1,1
716,81,0,0,0
717,50,1,0,0
718,47,0,0,1
719,49,0,1,0
720,40,1,0,0
721,71,4,1,1
722,52,2,0,0
723,82,0,0,1
724,84,1,0,0
725,77,0,0,0
726,59,2,1,1
727,43,2,1,0
728,49,4,1,1
729,43,3,0,1
730,37,1,1,0
731,62,1,0,0
732,60,0,1,0
733,31,2,1,0
734,80,3,0,0
735,53,1,1,0
736,70,4,1,1
737,30,0,0,0
738,27,3,1,1
739,48,1,0,0
740,59,3,1,1
741,43,0,0,0
742,37,0,0,0
743,70,2,1,1
744,75,1,0,1
745,29,0,0,0
746,23,4,1,1
747,29,1,0,0
748,83,3,1,1
749,21,1,0,0
750,49,4,1,1
751,33,1,1,0
752,34,1,0,0
753,51,0,0,1
754,43,0,0,0
755,29,1,0,0
756,33,2,1,1
757,73,1,0,0
758,66,0,0,0
759,41,1,0,0
760,22,1,0,0
761,81,2,0,0
762,29,0,0,1
763,49,1,0,0
764,66,0,0,0
765,80,4,1,1
766,67,2,1,1
767,46,4,1,1
768,25,2,0,1
769,47,2,0,1
770,52,1,0,0
771,46,0,0,0
772,63,3,0,0
773,40,1,0,0
774,21,2,0,1
775,36,4,1,1
776,57,3,1,1
777,47,0,0,1
778,18,3,1,1
779,61,1,0,0
780,25,2,1,0
781,32,1,0,0
782,65,0,0,0
783,30,4,1,1
784,73,1,0,0
785,40,2,0,0
786,63,4,1,1
787,66,1,0,0
788,40,1,0,0
789,68,4,0,1
790,22,4,1,1
791,46,4,1,1
792,36,3,1,1
793,58,2,1,0
794,60,0,0,0
795,26,1,0,0
796,24,0,0,0
797,70,1,0,0
798,66,4,1,1
799,46,4,1,1
800,55,0,1,0
801,27,0,0,0
802,27,1,0,0
803,61,0,0,0
804,21,3,1,1
805,73,4,1,1
806,42,1,0,0
807,51,4,1,1
808,24,0,0,0
809,37,3,1,1
810,55,0,0,0
811,43,3,1,1
812,28,2,0,1
813,78,3,1,1
814,67,0,0,0
815,41,2,0,1
816,51,3,1,1
817,37,0,0,0
818,62,0,0,0
819,47,4,1,1
820,71,4,0,1
821,48,3,1,1
822,82,0,0,0
823,36,4,1,1
824,39,1,0,0
825,23,1,0,0
826,43,3,0,1
827,51,4,1,1
828,29,0,0,0
829,53,2,0,0
830,84,0,0,1
831,36,1,0,0
832,31,0,0,1
833,62,2,0,1
834,78,3,1,1
835,69,1,1,0
836,48,2,1,1
837,65,2,1,0
838,57,2,1,1
839,47,0,0,0
840,59,3,1,1
841,42,0,0,0
842,80,3,0,0
843,83,0,0,1
844,69,4,1,1
845,21,4,1,1
846,25,1,0,0
847,43,2,1,0
848,68,4,1,1
849,48,0,0,0
850,78,1,0,0
851,51,1,0,0
852,21,2,0,1
853,45,4,0,1
854,52,1,0,0
855,78,0,0,0
856,19,4,1,1
857,53,2,0,1
858,76,2,1,1
859,68,4,1,1
860,54,2,1,1
861,61,0,0,0
862,51,2,0,0
863,42,2,1,0
864,69,0,0,0
865,81,0,0,0
866,69,3,1,1
867,42,4,1,1
868,78,4,0,1
869,56,4,1,1
870,41,4,1,1
871,41,2,0,0
872,46,0,0,0
873,71,2,0,1
874,55,2,0,1
875,27,0,0,0
876,66,0,0,0
877,35,1,0,0
878,76,4,1,1
879,28,1,0,0
880,58,1,0,1
881,44,2,0,1
882,80,1,0,0
883,73,1,0,0
884,67,3,1,1
885,19,2,0,0
886,42,4,1,1
887,46,1,0,0
888,31,1,0,0
889,26,1,0,1
890,76,2,0,0
891,73,2,0,0
892,80,2,0,1
893,20,3,1,1
894,45,1,0,0
895,33,1,0,0
896,66,0,0,0
897,24,4,1,1
898,20,0,1,1
899,66,3,1,1
900,44,1,0,0
901,71,2,0,0
902,35,2,0,0
903,33,4,1,1
904,43,3,1,1
905,43,4,1,1
906,23,1,0,0
907,60,3,1,1
908,32,0,0,0
909,29,1,0,1
910,50,0,0,0
911,51,2,0,1
912,23,1,0,0
913,72,2,0,1
914,19,0,0,0
915,60,1,0,0
916,52,4,0,1
917,41,2,1,1
918,52,3,0,1
919,71,3,1,0
920,34,0,0,1
921,31,1,0,0
922,74,4,1,1
923,21,2,0,0
924,79,1,0,1
925,74,3,1,1
926,19,2,0,0
927,46,4,0,1
928,84,2,0,0
929,73,0,0,0
930,67,2,1,0
931,24,4,1,0
932,78,4,0,1
933,80,0,0,0
934,24,2,0,0
935,69,3,0,1
936,75,3,1,1
937,33,2,0,0
938,31,0,0,1
939,18,4,1,1
940,56,4,0,1
941,61,3,1,1
942,76,1,0,0
943,78,4,1,1
944,32,3,1,1
945,61,0,0,0
946,84,2,0,1
947,81,1,0,0
948,31,3,1,1
949,68,0,0,0
950,61,1,0,0
951,33,4,1,1
952,82,4,1,1
953,24,4,1,1
954,79,4,0,1
955,40,1,0,1
956,59,3,1,1
957,49,4,1,0
958,75,2,0,1
959,83,4,1,1
960,45,2,1,0
961,62,2,0,1
962,82,1,0,0
963,63,0,0,0
964,54,3,0,1
965,84,0,0,0
966,25,0,0,0
967,54,1,0,1
968,55,0,0,0
969,75,2,1,0
970,46,4,1,1
971,83,1,0,0
972,24,2,0,1
973,24,2,1,1
974,74,4,1,1
975,43,2,0,0
976,75,2,1,0
977,40,1,0,1
978,72,0,0,0
979,50,1,1,0
980,23,1,0,0
981,56,0,0,0
982,27,2,0,1
983,41,1,0,0
984,71,1,0,0
985,46,2,0,0
986,64,2,1,0
987,78,4,0,1
988,32,0,0,0
989,49,4,0,1
990,66,2,0,0
991,50,3,1,1
992,65,4,1,1
993,23,3,1,1
994,83,2,1,1
995,18,4,1,1
996,72,1,0,1
997,27,3,0,1
998,60,3,1,1
999,50,1,0,0
1000,51,1,0,0
1001,73,3,1,1
1002,18,0,0,0
1003,23,4,1,1
1004,31,4,1,1
1005,29,4,1,0
1006,68,3,0,1
1007,46,1,0,0
1008,55,4,0,1
1009,19,2,0,0
1010,23,0,1,0
1011,28,4,1,1
1012,45,2,0,0
1013,36,4,1,1
1014,42,2,1,0
1015,24,4,0,0
1016,77,4,1,1
1017,50,0,0,0
1018,60,3,1,1
1019,30,1,0,1
1020,58,1,0,0
1021,37,2,0,1
1022,72,2,1,1
1023,73,1,0,0
1024,79,2,0,1
1025,80,2,0,1
1026,28,4,1,1
1027,43,1,0,0
1028,27,0,0,0
1029,69,0,0,0
1030,51,0,0,0
1031,37,3,1,1
1032,55,4,1,1
1033,68,0,0,1
1034,39,1,0,1
1035,40,1,0,0
1036,79,1,0,1
1037,47,3,1,1
1038,44,0,0,0
1039,78,3,0,0
1040,59,0,0,0
1041,51,2,0,0
1042,66,3,1,1
1043,84,0,0,0
1044,84,1,0,0
1045,80,2,0,0
1046,82,0,0,0
1047,27,1,0,1
1048,41,1,0,0
1049,47,0,0,0
1050,79,0,0,0
1051,38,4,1,1
1052,23,1,0,0
1053,83,1,1,0
1054,39,0,0,0
1055,20,3,0,1
1056,28,2,1,0
1057,79,3,1,0
1058,36,4,1,1
1059,83,1,0,0
1060,76,2,0,1
1061,67,3,1,1
1062,82,4,1,1
1063,30,4,1,1
1064,22,4,0,1
1065,29,0,0,1
1066,18,4,0,1
1067,84,3,1,0
1068,72,4,1,1
1069,62,3,1,1
1070,30,4,1,1
1071,28,1,0,0
1072,50,3,1,1
1073,84,0,0,1
1074,58,1,0,1
1075,50,3,1,1
1076,64,4,1,0
1077,44,3,1,0
1078,40,3,1,1
1079,57,2,0,0
1080,35,3,0,1
1081,75,1,0,0
1082,45,0,0,0
1083,24,4,1,0
1084,29,0,0,0
1085,73,4,1,1
1086,28,2,0,0
1087,84,3,1,0
1088,40,0,0,0
1089,84,1,0,1
1090,83,4,1,1
1091,22,1,0,0
1092,29,1,0,0
1093,68,2,0,1
1094,26,0,0,0
1095,62,4,1,1
1096,42,1,0,0
1097,51,0,0,0
1098,27,4,1,1
1099,83,0,0,0
1100,50,4,1,0
1101,79,4,1,1
1102,76,3,0,0
1103,32,3,1,1
1104,47,1,0,0
1105,84,2,0,0
1106,49,2,1,1
1107,27,2,0,1
1108,63,2,1,0
1109,42,1,0,1
1110,51,1,0,1
1111,63,1,0,1
1112,81,0,0,0
1113,23,4,1,1
1114,81,2,0,0
1115,53,4,1,0
1116,53,4,1,1
1117,24,1,0,0
1118,22,4,1,1
1119,76,1,0,0
1120,58,3,0,1
1121,66,1,0,0
1122,51,4,1,1
1123,78,2,0,1
1124,81,1,0,0
1125,64,2,0,1
1126,34,1,0,0
1127,52,0,0,0
1128,43,3,1,0
1129,78,1,0,1
1130,35,3,0,0
1131,58,4,1,1
1132,24,4,1,1
1133,45,0,0,0
1134,75,0,0,0
1135,50,2,1,1
1136,43,2,0,0
1137,40,4,0,1
1138,83,2,0,0
1139,66,0,0,0
1140,39,1,0,0
1141,69,3,0,1
1142,61,1,0,0
1143,52,2,0,1
1144,64,3,0,1
1145,70,3,1,0
1146,48,1,0,0
1147,44,0,0,1
1148,78,0,0,1
1149,28,3,1,1
1150,67,0,0,0
1151,74,2,0,1
1152,21,1,1,0
1153,78,2,0,0
1154,74,2,1,0
1155,40,4,1,1
1156,73,4,1,1
1157,62,2,0,1
1158,74,0,0,0
1159,56,1,1,0
1160,62,1,0,0
1161,79,3,1,1
1162,47,2,0,1
1163,70,1,0,0
1164,38,1,0,0
1165,46,3,1,1
1166,84,1,0,0
1167,54,2,0,1
1168,70,2,1,1
1169,55,1,0,0
1170,52,3,0,1
1171,20,2,1,0
1172,41,0,0,0
1173,74,1,0,1
1174,19,1,0,0
1175,81,2,0,1
1176,60,0,0,0
1177,25,1,0,0
1178,78,4,1,1
1179,66,2,0,1
1180,67,1,0,0
1181,43,0,0,0
1182,44,4,1,1
1183,59,2,1,0
1184,84,4,1,1
1185,43,2,0,1
1186,32,1,0,0
1187,39,0,0,0
1188,49,3,1,1
1189,37,3,1,1
1190,81,1,1,0
1191,25,0,0,0
1192,31,4,1,1
1193,62,4,1,1
1194,20,1,0,0
1195,50,1,0,0
1196,55,3,1,1
1197,41,4,1,1
1198,53,3,0,1
1199,38,4,1,1
1200,51,2,0,1
1201,66,4,1,1
1202,64,4,1,1
1203,67,0,0,0
1204,37,4,1,1
1205,32,2,1,0
1206,34,0,0,1
1207,80,0,0,1
1208,80,3,1,1
1209,24,2,0,0
1210,19,0,0,0
1211,28,3,1,1
1212,71,2,0,0
1213,52,0,0,0
1214,27,2,0,0
1215,30,0,0,0
1216,42,1,0,1
1217,71,1,0,0
1218,63,4,1,1
1219,31,3,1,1
1220,82,3,1,1
1221,74,4,0,1
1222,59,4,1,1
1223,59,3,1,1
1224,66,1,0,0
1225,64,2,0,1
1226,18,3,0,0
1227,20,4,1,0
1228,18,2,1,1
1229,20,2,0,0
1230,83,2,0,0
1231,30,1,1,0
1232,51,1,0,0
1233,50,1,0,1
1234,45,3,0,1
1235,40,3,1,0
1236,30,4,1,1
1237,66,4,1,1
1238,62,2,0,1
1239,47,0,0,0
1240,66,0,0,0
1241,37,2,1,0
1242,24,1,0,0
1243,82,3,1,1
1244,36,3,1,1
1245,24,4,1,1
1246,82,3,1,1
1247,79,1,0,0
1248,43,4,1,0
1249,49,4,1,1
1250,59,3,0,1
1251,70,0,0,0
1252,62,2,0,1
1253,39,2,0,0
1254,36,3,1,0
1255,43,1,0,1
1256,32,0,0,0
1257,36,4,0,1
1258,61,0,0,1
1259,78,3,1,1
1260,45,4,1,1
1261,79,2,0,0
1262,66,0,0,0
1263,50,0,0,0
1264,52,4,1,1
1265,26,0,0,0
1266,31,2,1,0
1267,47,3,0,1
1268,58,0,0,0
1269,41,0,0,0
1270,20,4,1,0
1271,60,2,0,0
1272,62,0,0,0
1273,48,2,0,0
1274,25,2,0,0
1275,53,0,0,0
1276,35,3,1,1
1277,47,4,1,1
1278,57,3,0,1
1279,34,4,1,1
1280,43,4,0,1
1281,35,4,1,1
1282,38,1,0,0
1283,41,0,0,0
1284,58,0,0,0
1285,56,3,1,0
1286,37,2,0,1
1287,21,1,0,0
1288,47,2,0,1
1289,63,0,0,0
1290,82,1,0,0
1291,41,2,0,1
1292,38,1,0,1
1293,52,0,0,0
1294,44,1,1,0
1295,80,3,0,0
1296,72,1,0,1
1297,58,3,1,0
1298,22,4,1,1
1299,49,0,0,0
1300,67,0,0,0
1301,42,0,0,0
1302,54,2,0,1
1303,24,4,1,1
1304,75,3,1,1
1305,35,1,0,0
1306,40,0,0,0
1307,76,1,1,0
1308,33,1,1,0
1309,28,2,0,1
1310,38,4,1,1
1311,60,1,0,0
1312,38,1,0,1
1313,71,0,0,0
1314,54,3,1,1
1315,43,1,1,0
1316,76,0,0,0
1317,81,0,0,0
1318,76,3,1,1
1319,18,4,1,1
1320,44,4,1,1
1321,22,2,1,1
1322,56,4,1,1
1323,71,0,0,0
1324,40,2,0,0
1325,22,2,1,1
1326,66,2,0,0
1327,26,4,1,1
1328,60,2,0,1
1329,25,1,0,0
1330,29,4,1,1
1331,72,2,0,1
1332,63,4,0,1
1333,84,3,0,1
1334,47,1,0,0
1335,33,0,1,0
1336,44,0,0,0
1337,23,3,1,1
1338,19,1,0,0
1339,26,2,1,1
1340,18,2,1,1
1341,21,3,0,1
1342,79,2,0,0
1343,79,1,0,0
1344,60,4,1,1
1345,84,0,0,0
1346,20,2,1,0
1347,26,2,0,1
1348,61,0,0,0
1349,67,1,0,1
1350,58,2,0,1
1351,81,0,0,0
1352,45,2,0,1
1353,22,2,0,0
1354,82,3,1,1
1355,37,4,1,0
1356,57,4,1,1
1357,84,0,0,1
1358,76,0,0,0
1359,18,0,0,1
1360,29,4,1,1
1361,84,0,0,0
1362,57,0,0,0
1363,42,1,0,0
1364,33,3,1,1
1365,19,0,0,0
1366,44,0,0,0
1367,36,2,0,0
1368,49,4,1,1
1369,74,2,1,1
1370,31,0,0,1
1371,40,3,0,0
1372,63,3,1,0
1373,28,4,0,1
1374,34,3,1,0
1375,30,3,1,1
1376,78,3,1,1
1377,51,4,0,1
1378,59,2,0,1
1379,32,3,1,1
1380,54,1,0,0
1381,83,1,0,0
1382,59,0,0,1
1383,77,2,0,1
1384,49,4,1,0
1385,26,3,1,0
1386,73,4,1,1
1387,48,2,1,0
1388,80,4,1,1
1389,30,2,0,1
1390,26,3,1,1
1391,66,4,1,1
1392,29,0,0,1
1393,18,4,1,1
1394,55,3,1,1
1395,44,1,0,0
1396,56,4,0,0
1397,29,2,0,0
1398,69,4,1,1
1399,65,0,0,0
1400,63,0,0,0
1401,48,0,0,0
1402,66,2,0,1
1403,40,1,0,1
1404,64,3,0,1
1405,35,1,1,0
1406,80,1,0,0
1407,28,1,0,0
1408,72,3,1,1
1409,75,3,1,1
1410,18,3,1,0
1411,82,1,0,0
1412,64,4,1,1
1413,65,3,1,1
1414,36,0,0,0
1415,77,2,0,1
1416,29,4,1,1
1417,57,0,0,0
1418,19,4,1,1
1419,60,3,1,0
1420,55,2,1,0
1421,56,4,1,1
1422,78,0,0,0
1423,21,2,1,1
1424,27,4,0,1
1425,53,1,0,1
1426,40,0,0,0
1427,65,3,0,1
1428,80,1,0,0
1429,61,0,0,0
1430,37,4,1,1
1431,67,3,1,1
1432,44,1,0,0
1433,51,0,0,1
1434,77,1,0,0
1435,47,4,1,1
1436,51,3,1,0
1437,54,0,0,0
1438,23,2,1,1
1439,73,2,0,0
1440,60,2,1,0
1441,68,2,0,0
1442,42,1,0,0
1443,58,1,0,0
1444,19,0,0,0
1445,62,3,1,1
1446,22,1,1,1
1447,45,4,0,1
1448,29,0,0,1
1449,41,4,0,1
1450,55,2,0,0
1451,53,3,0,1
1452,50,2,1,1
1453,66,0,0,0
1454,51,2,1,1
1455,68,1,0,0
1456,73,1,0,0
1457,51,3,1,1
1458,50,4,1,1
1459,37,3,0,1
1460,67,0,0,0
1461,18,3,1,0
1462,79,3,1,0
1463,46,0,1,0
1464,33,3,1,0
1465,60,2,0,1
1466,64,0,0,0
1467,76,0,0,0
1468,40,1,0,0
1469,56,1,0,0
1470,80,2,1,0
1471,35,1,1,1
1472,48,4,1,1
1473,57,4,1,0
1474,20,3,1,1
1475,69,0,0,0
1476,76,4,0,1
1477,37,4,1,1
1478,22,0,0,0
1479,78,0,0,0
1480,34,1,1,0
1481,30,2,0,1
1482,26,4,1,1
1483,46,3,1,1
1484,69,2,1,0
1485,35,4,1,0
1486,23,1,0,0
1487,53,0,0,0
1488,39,2,0,0
1489,35,0,0,0
1490,66,4,1,1
1491,28,3,1,1
1492,54,0,0,0
1493,34,3,1,1
1494,75,4,1,0
1495,22,4,1,1
1496,29,4,1,1
1497,71,2,1,1
1498,30,0,0,0
1499,82,4,1,1
1500,53,1,1,1
1501,78,1,0,1
1502,24,0,0,0
1503,50,3,1,0
1504,23,3,1,1
1505,40,4,1,1
1506,32,4,1,1
1507,59,3,1,1
1508,47,2,0,1
1509,48,0,0,0
1510,46,3,1,1
1511,73,0,0,0
1512,40,3,1,1
1513,63,1,0,1
1514,22,1,0,1
1515,32,1,0,0
1516,61,1,0,1
1517,39,1,0,0
1518,29,1,0,0
1519,78,1,0,1
1520,49,3,1,1
1521,37,1,0,0
1522,23,3,1,1
1523,22,4,1,1
1524,75,0,0,1
1525,70,0,0,1
1526,48,2,0,1
1527,57,3,1,1
1528,21,4,0,1
1529,69,1,0,0
1530,18,3,0,1
1531,22,2,1,0
1532,44,4,1,1
1533,25,2,0,0
1534,24,2,1,1
1535,23,4,1,1
1536,26,4,1,1
1537,60,1,0,1
1538,44,3,0,1
1539,63,2,0,1
1540,53,3,1,1
1541,80,3,1,0
1542,55,3,1,1
1543,42,0,0,0
1544,68,0,0,0
1545,31,0,0,1
1546,81,1,0,1
1547,55,0,0,0
1548,78,1,0,0
1549,55,0,0,1
1550,84,1,0,0
1551,59,2,0,0
1552,74,4,1,1
1553,39,2,0,1
1554,54,2,0,1
1555,54,2,0,1
1556,54,1,0,1
1557,38,1,0,1
1558,34,2,0,1
1559,22,1,0,0
1560,65,1,0,0
1561,56,4,1,1
1562,36,3,0,0
1563,18,1,0,0
1564,60,4,1,1
1565,36,2,0,0
1566,61,3,0,1
1567,35,0,0,1
1568,69,0,0,0
1569,29,2,1,0
1570,46,1,0,0
1571,20,1,1,0
1572,83,0,0,0
1573,83,4,0,1
1574,68,2,1,0
1575,67,2,0,1
1576,57,2,0,0
1577,45,0,0,0
1578,74,3,1,0
1579,71,3,1,1
1580,36,0,0,0
1581,60,4,1,0
1582,29,3,1,1
1583,71,2,1,1
1584,35,4,1,1
1585,80,2,1,0
1586,56,4,1,1
1587,21,1,0,1
1588,78,2,1,0
1589,71,2,1,0
1590,21,1,0,1
1591,64,0,0,0
1592,78,2,0,0
1593,83,2,0,1
1594,38,2,0,1
1595,35,3,1,1
1596,71,2,0,0
1597,55,0,0,0
1598,83,0,0,0
1599,39,0,0,0
1600,52,2,0,0
1601,63,0,0,1
1602,54,4,1,1
1603,38,2,1,1
1604,42,1,0,0
1605,32,4,1,1
1606,34,0,0,0
1607,64,2,1,1
1608,84,4,1,1
1609,21,2,0,1
1610,36,1,0,0
1611,34,1,0,0
1612,27,0,1,0
1613,23,3,1,1
1614,25,4,1,1
1615,26,0,0,1
1616,33,0,0,0
1617,41,1,0,1
1618,53,1,0,0
1619,82,1,0,0
1620,26,4,1,1
1621,45,0,0,0
1622,18,1,0,1
1623,82,1,0,0
1624,41,4,1,0
1625,63,1,0,0
1626,47,4,1,1
1627,33,2,0,1
1628,64,3,0,1
1629,28,0,0,1
1630,76,2,0,1
1631,46,3,1,1
1632,42,3,0,0
1633,65,3,1,0
1634,31,3,1,1
1635,33,0,0,0
1636,31,4,1,1
1637,26,1,0,1
1638,69,1,0,0
1639,53,3,0,1
1640,52,4,1,1
1641,63,3,1,1
1642,80,3,1,1
1643,31,3,1,1
1644,35,1,1,0
1645,81,0,0,0
1646,59,3,1,1
1647,27,0,0,0
1648,77,3,1,1
1649,82,3,1,1
1650,20,4,0,1
1651,33,3,1,1
1652,74,3,1,1
1653,56,4,0,1
1654,35,3,1,1
1655,80,0,0,0
1656,78,4,1,1
1657,25,4,1,1
1658,63,3,0,1
1659,21,0,0,1
1660,62,2,0,0
1661,66,2,1,1
1662,70,2,0,0
1663,48,1,0,0
1664,57,0,0,0
1665,59,4,1,1
1666,83,3,0,1
1667,20,3,0,1
1668,59,3,1,0
1669,44,0,0,0
1670,39,2,0,1
1671,43,3,1,0
1672,45,0,0,1
1673,69,4,1,1
1674,30,0,0,0
1675,78,4,1,1
1676,56,0,0,0
1677,58,4,1,1
1678,83,4,1,1
1679,20,1,0,0
1680,81,1,0,0
1681,52,3,0,1
1682,73,4,0,1
1683,84,0,0,0
1684,37,1,0,0
1685,70,3,1,0
1686,44,0,0,0
1687,38,2,1,0
1688,48,3,1,1
1689,57,1,0,0
1690,72,3,1,1
1691,52,1,0,1
1692,40,2,0,1
1693,20,3,1,0
1694,56,2,0,0
1695,64,3,0,0
1696,35,3,1,1
1697,33,4,1,1
1698,50,4,1,1
1699,33,4,1,1
1700,67,4,1,1
1701,45,3,1,1
1702,74,2,0,0
1703,80,0,0,0
1704,58,0,0,0
1705,53,1,0,0
1706,78,2,0,0
1707,22,0,0,0
1708,48,0,0,0
1709,33,2,0,1
1710,67,3,1,0
1711,56,2,1,0
1712,56,1,0,0
1713,58,3,0,1
1714,22,3,1,1
1715,78,3,0,0
1716,72,2,0,0
1717,51,1,0,0
1718,59,4,1,1
1719,41,0,0,0
1720,18,1,0,0
1721,28,2,1,1
1722,70,1,0,0
1723,35,3,1,1
1724,54,2,1,1
1725,68,1,0,0
1726,46,4,1,1
1727,47,4,0,0
1728,51,1,0,1
1729,72,3,1,1
1730,39,2,0,1
1731,73,4,1,0
1732,33,3,1,1
1733,54,2,0,1
1734,44,3,1,0
1735,42,2,0,1
1736,21,1,0,1
1737,75,4,0,1
1738,28,3,1,1
1739,68,2,0,0
1740,50,3,1,1
1741,60,0,0,0
1742,23,2,1,1
1743,56,3,0,1
1744,23,1,0,1
1745,81,4,0,1
1746,29,1,0,0
1747,51,1,0,1
1748,81,1,0,0
1749,73,2,1,0
1750,51,4,1,1
1751,58,1,0,0
1752,74,1,1,1
1753,41,1,1,1
1754,73,3,1,0
1755,23,3,1,0
1756,80,4,1,1
1757,33,1,0,1
1758,41,2,0,0
1759,45,2,0,0
1760,41,4,1,1
1761,30,3,0,1
1762,68,0,0,0
1763,59,0,0,1
1764,76,3,1,1
1765,60,0,0,0
1766,59,3,0,0
1767,34,4,1,1
1768,59,2,0,0
1769,66,4,1,1
1770,69,1,1,0
1771,67,1,0,1
1772,33,1,0,0
1773,34,2,0,1
1774,83,2,1,1
1775,78,3,1,1
1776,72,0,0,0
1777,72,3,1,1
1778,46,3,1,1
1779,28,3,1,1
1780,56,3,1,1
1781,49,2,0,1
1782,27,0,0,0
1783,72,4,1,1
1784,50,4,1,1
1785,20,4,1,1
1786,41,1,0,1
1787,56,3,1,1
1788,51,3,1,0
1789,45,1,0,0
1790,51,4,0,1
1791,20,4,1,1
1792,79,1,0,0
1793,80,4,1,1
1794,64,4,1,0
1795,56,3,1,1
1796,32,1,0,0
1797,21,1,0,0
1798,73,1,0,0
1799,42,4,1,1
1800,78,1,0,1
1801,74,1,0,0
1802,49,3,1,1
1803,24,3,1,1
1804,71,3,0,1
1805,55,4,1,1
1806,80,4,1,1
1807,72,0,0,0
1808,71,2,0,1
1809,62,4,1,1
1810,54,1,0,0
1811,47,3,1,1
1812,77,2,1,1
1813,71,3,0,1
1814,78,2,0,0
1815,44,4,1,1
1816,34,3,1,1
1817,30,3,0,0
1818,56,3,1,1
1819,63,0,0,0
1820,40,1,0,0
1821,26,0,0,1
1822,33,1,0,0
1823,63,2,0,0
1824,52,4,0,1
1825,31,4,1,0
1826,76,3,0,1
1827,31,0,0,1
1828,39,0,0,0
1829,38,2,0,0
1830,81,4,1,1
1831,60,2,0,1
1832,74,1,0,0
1833,49,0,0,0
1834,82,2,1,1
1835,64,3,1,1
1836,71,4,1,1
1837,70,3,0,0
1838,64,4,0,1
1839,84,0,0,1
1840,69,2,0,1
1841,68,0,0,0
1842,25,1,0,0
1843,55,4,1,1
1844,56,4,1,1
1845,19,2,0,0
1846,36,4,1,1
1847,74,1,0,0
1848,43,3,0,1
1849,60,4,1,1
1850,84,1,0,1
1851,83,0,0,0
1852,20,1,1,0
1853,51,4,1,1
1854,82,3,1,1
1855,51,2,0,1
1856,33,0,0,0
1857,76,0,0,0
1858,47,4,1,1
1859,35,4,1,1
1860,31,1,0,0
1861,76,2,1,0
1862,28,3,1,1
1863,78,1,0,1
1864,69,4,1,1
1865,51,3,1,1
1866,80,3,0,1
1867,36,1,0,0
1868,34,3,0,1
1869,33,4,1,1
1870,38,0,0,0
1871,70,0,0,0
1872,23,2,0,1
1873,65,2,1,1
1874,36,1,0,0
1875,54,2,1,0
1876,18,3,1,1
1877,71,0,0,0
1878,61,3,0,1
1879,34,4,1,1
1880,75,3,0,1
1881,29,2,0,0
1882,67,3,1,1
1883,23,4,0,1
1884,29,2,0,0
1885,57,4,1,1
1886,28,4,1,1
1887,24,4,0,1
1888,82,3,0,1
1889,41,4,0,1
1890,49,1,0,0
1891,74,4,1,1
1892,69,2,0,1
1893,61,0,0,0
1894,58,4,1,1
1895,39,0,0,0
1896,37,0,0,0
1897,25,1,0,0
1898,25,0,0,1
1899,70,1,0,1
1900,24,0,0,0
1901,48,4,1,1
1902,32,3,1,1
1903,70,4,1,1
1904,20,1,0,0
1905,49,0,0,0
1906,56,1,0,0
1907,44,4,1,1
1908,39,4,1,1
1909,75,3,1,0
1910,55,4,1,1
1911,79,0,0,0
1912,62,3,0,1
1913,54,4,1,1
1914,26,4,1,1
1915,35,0,0,0
1916,44,3,1,0
1917,61,2,0,0
1918,52,3,1,0
1919,44,2,0,0
1920,35,0,0,1
1921,18,3,0,1
1922,80,3,0,1
1923,21,0,0,0
1924,33,3,1,0
1925,63,4,1,1
1926,33,0,0,0
1927,19,3,1,1
1928,63,2,1,0
1929,46,2,1,1
1930,22,2,1,0
1931,44,4,1,0
1932,32,3,0,1
1933,39,3,1,1
1934,40,4,1,1
1935,34,0,0,0
1936,84,1,0,1
1937,50,0,0,0
1938,72,0,0,0
1939,59,0,0,0
1940,33,2,0,1
1941,84,2,0,0
1942,24,1,0,0
1943,58,3,1,1
1944,21,0,0,0
1945,27,3,0,1
1946,57,2,1,0
1947,79,0,0,1
1948,50,2,1,1
1949,24,2,0,1
1950,27,1,0,0
1951,75,0,0,1
1952,22,0,0,0
1953,34,0,0,0
1954,56,0,0,0
1955,25,0,0,0
1956,69,3,1,1
1957,19,1,0,0
1958,30,3,1,0
1959,76,0,0,0
1960,31,0,1,0
1961,42,4,0,1
1962,50,4,1,1
1963,74,4,1,1
1964,25,0,0,0
1965,63,4,1,1
1966,36,1,0,0
1967,65,2,0,1
1968,25,1,0,0
1969,24,4,1,1
1970,43,1,0,0
1971,77,3,1,1
1972,60,4,1,1
1973,31,1,0,0
1974,81,0,0,1
1975,47,1,0,1
1976,60,3,0,1
1977,41,3,0,1
1978,27,0,0,0
1979,55,1,0,0
1980,23,2,0,1
1981,40,2,1,1
1982,61,1,0,1
1983,20,1,0,1
1984,20,0,0,1
1985,61,0,0,0
1986,65,1,0,0
1987,73,4,0,1
1988,34,1,0,1
1989,65,3,1,1
1990,23,1,0,0
1991,55,4,1,1
1992,53,0,0,0
1993,80,4,1,1
1994,26,3,1,1
1995,65,4,1,1
1996,65,2,0,1
1997,78,3,1,1
1998,22,4,1,1
1999,48,3,1,1
2000,38,3,0,1
