respondent_id,age_group,vote_intent,poll
1,45-64,dem,phone_poll
2,30-44,dem,phone_poll
3,65+,rep,phone_poll
4,30-44,undecided,phone_poll
5,65+,dem,phone_poll
6,65+,undecided,phone_poll
7,45-64,dem,phone_poll
8,65+,rep,phone_poll
9,45-64,rep,phone_poll
10,45-64,rep,phone_poll
11,65+,dem,phone_poll
12,65+,undecided,phone_poll
13,45-64,rep,phone_poll
14,45-64,undecided,phone_poll
15,45-64,rep,phone_poll
16,30-44,dem,phone_poll
17,65+,dem,phone_poll
18,65+,rep,phone_poll
19,45-64,dem,phone_poll
20,65+,rep,phone_poll
21,18-29,dem,phone_poll
22,65+,rep,phone_poll
23,45-64,rep,phone_poll
24,30-44,rep,phone_poll
25,18-29,dem,phone_poll
26,65+,dem,phone_poll
27,30-44,rep,phone_poll
28,18-29,dem,phone_poll
29,45-64,rep,phone_poll
30,45-64,dem,phone_poll
31,65+,dem,phone_poll
32,45-64,dem,phone_poll
33,65+,dem,phone_poll
34,65+,rep,phone_poll
35,30-44,rep,phone_poll
36,65+,dem,phone_poll
37,30-44,dem,phone_poll
38,45-64,undecided,phone_poll
39,65+,rep,phone_poll
40,30-44,dem,phone_poll
41,18-29,dem,phone_poll
42,45-64,dem,phone_poll
43,65+,rep,phone_poll
44,65+,rep,phone_poll
45,45-64,rep,phone_poll
46,45-64,rep,phone_poll
47,30-44,dem,phone_poll
48,65+,rep,phone_poll
49,45-64,rep,phone_poll
50,30-44,undecided,phone_poll
51,45-64,dem,phone_poll
52,30-44,rep,phone_poll
53,30-44,dem,phone_poll
54,45-64,dem,phone_poll
55,45-64,rep,phone_poll
56,45-64,rep,phone_poll
57,65+,rep,phone_poll
58,30-44,dem,phone_poll
59,45-64,rep,phone_poll
60,45-64,rep,phone_poll
61,65+,rep,phone_poll
62,45-64,dem,phone_poll
63,65+,rep,phone_poll
64,18-29,dem,phone_poll
65,18-29,rep,phone_poll
66,65+,dem,phone_poll
67,45-64,rep,phone_poll
68,65+,rep,phone_poll
69,65+,rep,phone_poll
70,45-64,dem,phone_poll
71,65+,rep,phone_poll
72,65+,dem,phone_poll
73,65+,rep,phone_poll
74,65+,dem,phone_poll
75,65+,dem,phone_poll
76,65+,dem,phone_poll
77,65+,dem,phone_poll
78,65+,rep,phone_poll
79,65+,dem,phone_poll
80,30-44,rep,phone_poll
81,65+,rep,phone_poll
82,65+,rep,phone_poll
83,65+,dem,phone_poll
84,65+,dem,phone_poll
85,45-64,dem,phone_poll
86,65+,dem,phone_poll
87,65+,dem,phone_poll
88,45-64,rep,phone_poll
89,65+,rep,phone_poll
90,45-64,rep,phone_poll
91,30-44,rep,phone_poll
92,65+,rep,phone_poll
93,45-64,rep,phone_poll
94,65+,rep,phone_poll
95,65+,rep,phone_poll
96,30-44,dem,phone_poll
97,45-64,dem,phone_poll
98,45-64,dem,phone_poll
99,30-44,dem,phone_poll
100,18-29,dem,phone_poll
101,18-29,undecided,phone_poll
102,18-29,rep,phone_poll
103,65+,dem,phone_poll
104,65+,rep,phone_poll
105,65+,dem,phone_poll
106,30-44,dem,phone_poll
107,45-64,dem,phone_poll
108,65+,rep,phone_poll
109,45-64,dem,phone_poll
110,45-64,undecided,phone_poll
111,65+,dem,phone_poll
112,65+,rep,phone_poll
113,65+,dem,phone_poll
114,45-64,rep,phone_poll
115,45-64,dem,phone_poll
116,30-44,dem,phone_poll
117,65+,dem,phone_poll
118,45-64,rep,phone_poll
119,65+,rep,phone_poll
120,18-29,rep,phone_poll
121,45-64,rep,phone_poll
122,45-64,dem,phone_poll
123,65+,dem,phone_poll
124,65+,rep,phone_poll
125,65+,rep,phone_poll
126,65+,rep,phone_poll
127,30-44,rep,phone_poll
128,65+,rep,phone_poll
129,65+,dem,phone_poll
130,65+,rep,phone_poll
131,65+,rep,phone_poll
132,65+,dem,phone_poll
133,45-64,rep,phone_poll
134,45-64,dem,phone_poll
135,30-44,rep,phone_poll
136,65+,dem,phone_poll
137,65+,dem,phone_poll
138,65+,rep,phone_poll
139,45-64,dem,phone_poll
140,30-44,dem,phone_poll
141,45-64,undecided,phone_poll
142,45-64,dem,phone_poll
143,65+,rep,phone_poll
144,65+,dem,phone_poll
145,65+,dem,phone_poll
146,65+,dem,phone_poll
147,30-44,rep,phone_poll
148,45-64,rep,phone_poll
149,45-64,rep,phone_poll
150,45-64,rep,phone_poll
151,30-44,dem,phone_poll
152,65+,rep,phone_poll
153,45-64,rep,phone_poll
154,65+,dem,phone_poll
155,65+,rep,phone_poll
156,30-44,rep,phone_poll
157,65+,dem,phone_poll
158,65+,rep,phone_poll
159,45-64,rep,phone_poll
160,65+,dem,phone_poll
161,45-64,rep,phone_poll
162,30-44,rep,phone_poll
163,30-44,dem,phone_poll
164,45-64,undecided,phone_poll
165,65+,rep,phone_poll
166,45-64,dem,phone_poll
167,65+,dem,phone_poll
168,65+,rep,phone_poll
169,45-64,rep,phone_poll
170,65+,rep,phone_poll
171,65+,rep,phone_poll
172,45-64,rep,phone_poll
173,45-64,dem,phone_poll
174,65+,dem,phone_poll
175,45-64,rep,phone_poll
176,30-44,dem,phone_poll
177,65+,rep,phone_poll
178,45-64,dem,phone_poll
179,45-64,dem,phone_poll
180,30-44,rep,phone_poll
181,65+,rep,phone_poll
182,45-64,dem,phone_poll
183,45-64,rep,phone_poll
184,18-29,rep,phone_poll
185,30-44,dem,phone_poll
186,65+,dem,phone_poll
187,65+,dem,phone_poll
188,45-64,dem,phone_poll
189,65+,rep,phone_poll
190,45-64,dem,phone_poll
191,65+,dem,phone_poll
192,45-64,dem,phone_poll
193,65+,undecided,phone_poll
194,45-64,rep,phone_poll
195,65+,rep,phone_poll
196,18-29,rep,phone_poll
197,45-64,rep,phone_poll
198,30-44,dem,phone_poll
199,45-64,dem,phone_poll
200,65+,rep,phone_poll
201,45-64,rep,phone_poll
202,30-44,dem,phone_poll
203,65+,rep,phone_poll
204,45-64,rep,phone_poll
205,45-64,rep,phone_poll
206,65+,rep,phone_poll
207,45-64,dem,phone_poll
208,45-64,dem,phone_poll
209,30-44,dem,phone_poll
210,30-44,rep,phone_poll
211,45-64,rep,phone_poll
212,65+,dem,phone_poll
213,65+,dem,phone_poll
214,65+,dem,phone_poll
215,65+,dem,phone_poll
216,45-64,rep,phone_poll
217,45-64,dem,phone_poll
218,65+,dem,phone_poll
219,65+,dem,phone_poll
220,45-64,dem,phone_poll
221,45-64,dem,phone_poll
222,30-44,rep,phone_poll
223,45-64,rep,phone_poll
224,65+,rep,phone_poll
225,65+,dem,phone_poll
226,30-44,dem,phone_poll
227,65+,rep,phone_poll
228,65+,rep,phone_poll
229,65+,dem,phone_poll
230,65+,rep,phone_poll
231,65+,dem,phone_poll
232,45-64,rep,phone_poll
233,45-64,dem,phone_poll
234,65+,dem,phone_poll
235,45-64,rep,phone_poll
236,45-64,rep,phone_poll
237,45-64,dem,phone_poll
238,30-44,undecided,phone_poll
239,45-64,rep,phone_poll
240,18-29,dem,phone_poll
241,65+,rep,phone_poll
242,45-64,undecided,phone_poll
243,65+,dem,phone_poll
244,65+,rep,phone_poll
245,45-64,rep,phone_poll
246,45-64,rep,phone_poll
247,65+,rep,phone_poll
248,65+,rep,phone_poll
249,45-64,dem,phone_poll
250,65+,rep,phone_poll
251,65+,rep,phone_poll
252,30-44,rep,phone_poll
253,65+,rep,phone_poll
254,30-44,rep,phone_poll
255,30-44,rep,phone_poll
256,18-29,rep,phone_poll
257,45-64,dem,phone_poll
258,65+,rep,phone_poll
259,65+,rep,phone_poll
260,18-29,rep,phone_poll
261,65+,rep,phone_poll
262,65+,rep,phone_poll
263,18-29,dem,phone_poll
264,65+,rep,phone_poll
265,65+,dem,phone_poll
266,45-64,dem,phone_poll
267,30-44,rep,phone_poll
268,65+,rep,phone_poll
269,30-44,dem,phone_poll
270,18-29,rep,phone_poll
271,30-44,rep,phone_poll
272,65+,rep,phone_poll
273,45-64,rep,phone_poll
274,30-44,dem,phone_poll
275,65+,rep,phone_poll
276,65+,dem,phone_poll
277,65+,rep,phone_poll
278,30-44,dem,phone_poll
279,45-64,dem,phone_poll
280,65+,dem,phone_poll
281,45-64,dem,phone_poll
282,65+,dem,phone_poll
283,45-64,rep,phone_poll
284,45-64,rep,phone_poll
285,30-44,dem,phone_poll
286,65+,rep,phone_poll
287,45-64,dem,phone_poll
288,45-64,dem,phone_poll
289,45-64,rep,phone_poll
290,65+,undecided,phone_poll
291,18-29,dem,phone_poll
292,65+,dem,phone_poll
293,65+,rep,phone_poll
294,65+,rep,phone_poll
295,45-64,rep,phone_poll
296,65+,dem,phone_poll
297,45-64,dem,phone_poll
298,65+,dem,phone_poll
299,65+,dem,phone_poll
300,65+,rep,phone_poll
301,45-64,rep,phone_poll
302,45-64,rep,phone_poll
303,65+,rep,phone_poll
304,30-44,rep,phone_poll
305,45-64,dem,phone_poll
306,30-44,dem,phone_poll
307,45-64,rep,phone_poll
308,65+,dem,phone_poll
309,65+,rep,phone_poll
310,45-64,dem,phone_poll
311,45-64,rep,phone_poll
312,65+,dem,phone_poll
313,65+,rep,phone_poll
314,45-64,dem,phone_poll
315,65+,rep,phone_poll
316,45-64,rep,phone_poll
317,65+,dem,phone_poll
318,45-64,rep,phone_poll
319,65+,rep,phone_poll
320,45-64,rep,phone_poll
321,65+,rep,phone_poll
322,45-64,dem,phone_poll
323,45-64,dem,phone_poll
324,45-64,rep,phone_poll
325,65+,dem,phone_poll
326,30-44,rep,phone_poll
327,45-64,dem,phone_poll
328,65+,rep,phone_poll
329,45-64,rep,phone_poll
330,30-44,rep,phone_poll
331,65+,dem,phone_poll
332,30-44,rep,phone_poll
333,45-64,dem,phone_poll
334,45-64,dem,phone_poll
335,30-44,dem,phone_poll
336,45-64,dem,phone_poll
337,45-64,dem,phone_poll
338,65+,dem,phone_poll
339,45-64,rep,phone_poll
340,45-64,dem,phone_poll
341,30-44,dem,phone_poll
342,45-64,dem,phone_poll
343,45-64,rep,phone_poll
344,45-64,dem,phone_poll
345,30-44,dem,phone_poll
346,45-64,dem,phone_poll
347,65+,rep,phone_poll
348,65+,dem,phone_poll
349,65+,dem,phone_poll
350,65+,dem,phone_poll
351,65+,dem,phone_poll
352,65+,rep,phone_poll
353,65+,dem,phone_poll
354,45-64,rep,phone_poll
355,45-64,rep,phone_poll
356,45-64,rep,phone_poll
357,65+,dem,phone_poll
358,45-64,dem,phone_poll
359,65+,rep,phone_poll
360,65+,dem,phone_poll
361,18-29,dem,phone_poll
362,30-44,undecided,phone_poll
363,45-64,rep,phone_poll
364,65+,rep,phone_poll
365,45-64,rep,phone_poll
366,65+,rep,phone_poll
367,30-44,rep,phone_poll
368,65+,rep,phone_poll
369,65+,dem,phone_poll
370,30-44,dem,phone_poll
371,45-64,rep,phone_poll
372,18-29,rep,phone_poll
373,65+,dem,phone_poll
374,65+,rep,phone_poll
375,45-64,rep,phone_poll
376,65+,dem,phone_poll
377,65+,rep,phone_poll
378,45-64,rep,phone_poll
379,45-64,dem,phone_poll
380,65+,dem,phone_poll
381,65+,rep,phone_poll
382,65+,rep,phone_poll
383,65+,dem,phone_poll
384,30-44,rep,phone_poll
385,45-64,dem,phone_poll
386,18-29,rep,phone_poll
387,45-64,rep,phone_poll
388,30-44,rep,phone_poll
389,45-64,dem,phone_poll
390,30-44,rep,phone_poll
391,30-44,rep,phone_poll
392,65+,dem,phone_poll
393,45-64,rep,phone_poll
394,45-64,rep,phone_poll
395,65+,dem,phone_poll
396,65+,rep,phone_poll
397,45-64,dem,phone_poll
398,65+,rep,phone_poll
399,65+,rep,phone_poll
400,65+,dem,phone_poll
401,65+,rep,phone_poll
402,45-64,dem,phone_poll
403,45-64,rep,phone_poll
404,45-64,dem,phone_poll
405,65+,rep,phone_poll
406,45-64,dem,phone_poll
407,65+,dem,phone_poll
408,45-64,dem,phone_poll
409,30-44,rep,phone_poll
410,45-64,dem,phone_poll
411,65+,rep,phone_poll
412,65+,rep,phone_poll
413,18-29,undecided,phone_poll
414,65+,rep,phone_poll
415,30-44,dem,phone_poll
416,30-44,dem,phone_poll
417,65+,dem,phone_poll
418,65+,rep,phone_poll
419,45-64,rep,phone_poll
420,45-64,rep,phone_poll
421,30-44,dem,phone_poll
422,65+,dem,phone_poll
423,45-64,rep,phone_poll
424,30-44,dem,phone_poll
425,65+,dem,phone_poll
426,45-64,rep,phone_poll
427,45-64,rep,phone_poll
428,18-29,dem,phone_poll
429,18-29,undecided,phone_poll
430,30-44,undecided,phone_poll
431,65+,dem,phone_poll
432,30-44,dem,phone_poll
433,65+,dem,phone_poll
434,30-44,undecided,phone_poll
435,45-64,rep,phone_poll
436,18-29,dem,phone_poll
437,18-29,rep,phone_poll
438,18-29,dem,phone_poll
439,65+,dem,phone_poll
440,65+,rep,phone_poll
441,45-64,dem,phone_poll
442,65+,dem,phone_poll
443,30-44,rep,phone_poll
444,45-64,rep,phone_poll
445,65+,dem,phone_poll
446,65+,dem,phone_poll
447,45-64,dem,phone_poll
448,45-64,dem,phone_poll
449,45-64,dem,phone_poll
450,65+,rep,phone_poll
451,45-64,rep,phone_poll
452,45-64,rep,phone_poll
453,65+,rep,phone_poll
454,65+,rep,phone_poll
455,18-29,dem,phone_poll
456,45-64,dem,phone_poll
457,65+,dem,phone_poll
458,65+,rep,phone_poll
459,30-44,dem,phone_poll
460,45-64,rep,phone_poll
461,30-44,dem,phone_poll
462,65+,dem,phone_poll
463,65+,dem,phone_poll
464,45-64,dem,phone_poll
465,18-29,dem,phone_poll
466,45-64,dem,phone_poll
467,45-64,dem,phone_poll
468,45-64,rep,phone_poll
469,65+,dem,phone_poll
470,30-44,rep,phone_poll
471,45-64,rep,phone_poll
472,45-64,dem,phone_poll
473,65+,rep,phone_poll
474,65+,dem,phone_poll
475,65+,rep,phone_poll
476,65+,rep,phone_poll
477,65+,undecided,phone_poll
478,45-64,dem,phone_poll
479,45-64,rep,phone_poll
480,45-64,dem,phone_poll
481,65+,rep,phone_poll
482,65+,dem,phone_poll
483,45-64,dem,phone_poll
484,65+,dem,phone_poll
485,30-44,rep,phone_poll
486,45-64,dem,phone_poll
487,65+,rep,phone_poll
488,45-64,rep,phone_poll
489,65+,rep,phone_poll
490,18-29,dem,phone_poll
491,45-64,dem,phone_poll
492,65+,rep,phone_poll
493,65+,rep,phone_poll
494,30-44,rep,phone_poll
495,65+,rep,phone_poll
496,65+,rep,phone_poll
497,65+,dem,phone_poll
498,65+,rep,phone_poll
499,65+,rep,phone_poll
500,45-64,dem,phone_poll
501,45-64,rep,phone_poll
502,65+,rep,phone_poll
503,65+,rep,phone_poll
504,65+,rep,phone_poll
505,45-64,dem,phone_poll
506,45-64,rep,phone_poll
507,30-44,dem,phone_poll
508,45-64,rep,phone_poll
509,45-64,rep,phone_poll
510,45-64,rep,phone_poll
511,45-64,rep,phone_poll
512,65+,rep,phone_poll
513,65+,dem,phone_poll
514,45-64,dem,phone_poll
515,18-29,dem,phone_poll
516,45-64,rep,phone_poll
517,18-29,dem,phone_poll
518,45-64,rep,phone_poll
519,65+,rep,phone_poll
520,45-64,dem,phone_poll
521,65+,dem,phone_poll
522,45-64,rep,phone_poll
523,65+,rep,phone_poll
524,65+,rep,phone_poll
525,45-64,dem,phone_poll
526,30-44,dem,phone_poll
527,30-44,rep,phone_poll
528,65+,rep,phone_poll
529,30-44,dem,phone_poll
530,45-64,dem,phone_poll
531,18-29,dem,phone_poll
532,65+,dem,phone_poll
533,45-64,dem,phone_poll
534,65+,rep,phone_poll
535,30-44,rep,phone_poll
536,45-64,dem,phone_poll
537,18-29,dem,phone_poll
538,65+,rep,phone_poll
539,45-64,dem,phone_poll
540,65+,dem,phone_poll
541,30-44,rep,phone_poll
542,45-64,dem,phone_poll
543,18-29,undecided,phone_poll
544,65+,dem,phone_poll
545,30-44,dem,phone_poll
546,30-44,dem,phone_poll
547,45-64,dem,phone_poll
548,45-64,dem,phone_poll
549,45-64,dem,phone_poll
550,30-44,dem,phone_poll
551,65+,dem,phone_poll
552,65+,dem,phone_poll
553,45-64,dem,phone_poll
554,45-64,dem,phone_poll
555,65+,rep,phone_poll
556,30-44,dem,phone_poll
557,30-44,rep,phone_poll
558,65+,rep,phone_poll
559,30-44,rep,phone_poll
560,45-64,rep,phone_poll
561,65+,rep,phone_poll
562,30-44,dem,phone_poll
563,30-44,dem,phone_poll
564,65+,dem,phone_poll
565,18-29,dem,phone_poll
566,45-64,dem,phone_poll
567,45-64,rep,phone_poll
568,45-64,rep,phone_poll
569,65+,rep,phone_poll
570,65+,dem,phone_poll
571,30-44,rep,phone_poll
572,30-44,dem,phone_poll
573,30-44,rep,phone_poll
574,65+,dem,phone_poll
575,65+,rep,phone_poll
576,65+,dem,phone_poll
577,45-64,dem,phone_poll
578,45-64,rep,phone_poll
579,45-64,rep,phone_poll
580,45-64,rep,phone_poll
581,65+,rep,phone_poll
582,45-64,undecided,phone_poll
583,65+,rep,phone_poll
584,45-64,dem,phone_poll
585,65+,rep,phone_poll
586,30-44,dem,phone_poll
587,65+,rep,phone_poll
588,65+,rep,phone_poll
589,65+,rep,phone_poll
590,45-64,rep,phone_poll
591,45-64,rep,phone_poll
592,65+,dem,phone_poll
593,45-64,undecided,phone_poll
594,45-64,dem,phone_poll
595,65+,dem,phone_poll
596,65+,dem,phone_poll
597,45-64,dem,phone_poll
598,45-64,dem,phone_poll
599,65+,dem,phone_poll
600,18-29,dem,phone_poll
601,30-44,dem,phone_poll
602,45-64,dem,phone_poll
603,30-44,rep,phone_poll
604,65+,rep,phone_poll
605,45-64,dem,phone_poll
606,18-29,undecided,phone_poll
607,45-64,dem,phone_poll
608,45-64,rep,phone_poll
609,45-64,dem,phone_poll
610,18-29,rep,phone_poll
611,45-64,dem,phone_poll
612,45-64,rep,phone_poll
613,30-44,dem,phone_poll
614,18-29,dem,phone_poll
615,45-64,dem,phone_poll
616,65+,rep,phone_poll
617,45-64,rep,phone_poll
618,45-64,dem,phone_poll
619,45-64,dem,phone_poll
620,30-44,dem,phone_poll
621,45-64,undecided,phone_poll
622,30-44,dem,phone_poll
623,30-44,dem,phone_poll
624,30-44,rep,phone_poll
625,30-44,rep,phone_poll
626,65+,rep,phone_poll
627,45-64,rep,phone_poll
628,30-44,dem,phone_poll
629,45-64,dem,phone_poll
630,65+,dem,phone_poll
631,30-44,dem,phone_poll
632,65+,rep,phone_poll
633,30-44,undecided,phone_poll
634,45-64,dem,phone_poll
635,65+,rep,phone_poll
636,65+,rep,phone_poll
637,30-44,dem,phone_poll
638,65+,dem,phone_poll
639,65+,rep,phone_poll
640,65+,dem,phone_poll
641,30-44,undecided,phone_poll
642,65+,rep,phone_poll
643,45-64,dem,phone_poll
644,45-64,dem,phone_poll
645,30-44,dem,phone_poll
646,45-64,rep,phone_poll
647,65+,rep,phone_poll
648,18-29,rep,phone_poll
649,30-44,dem,phone_poll
650,45-64,dem,phone_poll
651,45-64,dem,phone_poll
652,45-64,rep,phone_poll
653,45-64,rep,phone_poll
654,30-44,rep,phone_poll
655,45-64,rep,phone_poll
656,30-44,rep,phone_poll
657,45-64,rep,phone_poll
658,65+,rep,phone_poll
659,45-64,dem,phone_poll
660,45-64,dem,phone_poll
661,45-64,rep,phone_poll
662,45-64,dem,phone_poll
663,65+,rep,phone_poll
664,30-44,rep,phone_poll
665,45-64,dem,phone_poll
666,65+,rep,phone_poll
667,30-44,dem,phone_poll
668,65+,rep,phone_poll
669,30-44,dem,phone_poll
670,65+,dem,phone_poll
671,65+,dem,phone_poll
672,65+,rep,phone_poll
673,18-29,dem,phone_poll
674,45-64,rep,phone_poll
675,30-44,dem,phone_poll
676,30-44,dem,phone_poll
677,45-64,rep,phone_poll
678,30-44,dem,phone_poll
679,45-64,dem,phone_poll
680,65+,dem,phone_poll
681,45-64,dem,phone_poll
682,65+,dem,phone_poll
683,30-44,rep,phone_poll
684,45-64,rep,phone_poll
685,65+,dem,phone_poll
686,65+,rep,phone_poll
687,65+,rep,phone_poll
688,18-29,dem,phone_poll
689,65+,dem,phone_poll
690,30-44,dem,phone_poll
691,65+,rep,phone_poll
692,65+,dem,phone_poll
693,45-64,dem,phone_poll
694,45-64,rep,phone_poll
695,65+,rep,phone_poll
696,45-64,dem,phone_poll
697,65+,dem,phone_poll
698,65+,rep,phone_poll
699,45-64,rep,phone_poll
700,30-44,rep,phone_poll
701,30-44,rep,phone_poll
702,45-64,rep,phone_poll
703,65+,dem,phone_poll
704,65+,dem,phone_poll
705,45-64,rep,phone_poll
706,45-64,dem,phone_poll
707,45-64,rep,phone_poll
708,65+,dem,phone_poll
709,45-64,dem,phone_poll
710,65+,rep,phone_poll
711,65+,rep,phone_poll
712,65+,dem,phone_poll
713,30-44,dem,phone_poll
714,45-64,rep,phone_poll
715,65+,dem,phone_poll
716,65+,dem,phone_poll
717,65+,rep,phone_poll
718,65+,rep,phone_poll
719,65+,rep,phone_poll
720,65+,rep,phone_poll
721,45-64,rep,phone_poll
722,65+,rep,phone_poll
723,45-64,rep,phone_poll
724,30-44,dem,phone_poll
725,45-64,rep,phone_poll
726,30-44,dem,phone_poll
727,30-44,dem,phone_poll
728,65+,undecided,phone_poll
729,65+,rep,phone_poll
730,65+,dem,phone_poll
731,45-64,rep,phone_poll
732,65+,dem,phone_poll
733,65+,dem,phone_poll
734,65+,rep,phone_poll
735,65+,rep,phone_poll
736,65+,rep,phone_poll
737,65+,dem,phone_poll
738,65+,rep,phone_poll
739,45-64,rep,phone_poll
740,65+,rep,phone_poll
741,65+,rep,phone_poll
742,65+,dem,phone_poll
743,45-64,dem,phone_poll
744,30-44,dem,phone_poll
745,45-64,rep,phone_poll
746,30-44,rep,phone_poll
747,18-29,dem,phone_poll
748,30-44,dem,phone_poll
749,45-64,rep,phone_poll
750,45-64,rep,phone_poll
751,65+,dem,phone_poll
752,30-44,rep,phone_poll
753,45-64,rep,phone_poll
754,45-64,rep,phone_poll
755,65+,rep,phone_poll
756,65+,rep,phone_poll
757,65+,dem,phone_poll
758,45-64,dem,phone_poll
759,30-44,rep,phone_poll
760,65+,dem,phone_poll
761,30-44,dem,phone_poll
762,65+,dem,phone_poll
763,45-64,rep,phone_poll
764,65+,rep,phone_poll
765,45-64,dem,phone_poll
766,45-64,rep,phone_poll
767,65+,dem,phone_poll
768,65+,undecided,phone_poll
769,65+,rep,phone_poll
770,18-29,dem,phone_poll
771,30-44,rep,phone_poll
772,45-64,rep,phone_poll
773,45-64,rep,phone_poll
774,45-64,rep,phone_poll
775,45-64,dem,phone_poll
776,45-64,rep,phone_poll
777,45-64,undecided,phone_poll
778,45-64,dem,phone_poll
779,45-64,dem,phone_poll
780,65+,rep,phone_poll
781,65+,rep,phone_poll
782,65+,dem,phone_poll
783,45-64,rep,phone_poll
784,30-44,rep,phone_poll
785,45-64,dem,phone_poll
786,18-29,dem,phone_poll
787,45-64,dem,phone_poll
788,45-64,dem,phone_poll
789,45-64,dem,phone_poll
790,65+,rep,phone_poll
791,65+,rep,phone_poll
792,30-44,dem,phone_poll
793,65+,rep,phone_poll
794,18-29,rep,phone_poll
795,65+,rep,phone_poll
796,65+,rep,phone_poll
797,65+,rep,phone_poll
798,65+,dem,phone_poll
799,18-29,rep,phone_poll
800,30-44,rep,phone_poll
801,65+,dem,phone_poll
802,65+,dem,phone_poll
803,45-64,dem,phone_poll
804,65+,dem,phone_poll
805,65+,rep,phone_poll
806,65+,rep,phone_poll
807,45-64,undecided,phone_poll
808,45-64,dem,phone_poll
809,45-64,dem,phone_poll
810,65+,dem,phone_poll
811,65+,rep,phone_poll
812,65+,dem,phone_poll
813,30-44,dem,phone_poll
814,65+,dem,phone_poll
815,65+,rep,phone_poll
816,45-64,dem,phone_poll
817,45-64,rep,phone_poll
818,65+,dem,phone_poll
819,30-44,dem,phone_poll
820,45-64,rep,phone_poll
821,30-44,undecided,phone_poll
822,65+,rep,phone_poll
823,45-64,dem,phone_poll
824,45-64,dem,phone_poll
825,45-64,undecided,phone_poll
826,45-64,rep,phone_poll
827,65+,rep,phone_poll
828,65+,rep,phone_poll
829,65+,dem,phone_poll
830,45-64,rep,phone_poll
831,65+,dem,phone_poll
832,30-44,rep,phone_poll
833,65+,dem,phone_poll
834,45-64,dem,phone_poll
835,45-64,rep,phone_poll
836,18-29,rep,phone_poll
837,18-29,dem,phone_poll
838,45-64,rep,phone_poll
839,45-64,dem,phone_poll
840,45-64,rep,phone_poll
841,65+,rep,phone_poll
842,45-64,rep,phone_poll
843,65+,rep,phone_poll
844,30-44,dem,phone_poll
845,45-64,rep,phone_poll
846,45-64,rep,phone_poll
847,65+,dem,phone_poll
848,18-29,dem,phone_poll
849,65+,dem,phone_poll
850,65+,dem,phone_poll
851,30-44,rep,phone_poll
852,65+,rep,phone_poll
853,65+,rep,phone_poll
854,45-64,dem,phone_poll
855,18-29,dem,phone_poll
856,30-44,rep,phone_poll
857,30-44,rep,phone_poll
858,30-44,dem,phone_poll
859,30-44,rep,phone_poll
860,45-64,rep,phone_poll
861,65+,dem,phone_poll
862,65+,dem,phone_poll
863,65+,rep,phone_poll
864,65+,rep,phone_poll
865,65+,dem,phone_poll
866,45-64,dem,phone_poll
867,65+,dem,phone_poll
868,65+,rep,phone_poll
869,65+,dem,phone_poll
870,65+,rep,phone_poll
871,65+,rep,phone_poll
872,45-64,rep,phone_poll
873,45-64,rep,phone_poll
874,30-44,dem,phone_poll
875,18-29,rep,phone_poll
876,45-64,rep,phone_poll
877,30-44,rep,phone_poll
878,45-64,rep,phone_poll
879,45-64,rep,phone_poll
880,65+,dem,phone_poll
881,45-64,rep,phone_poll
882,45-64,rep,phone_poll
883,65+,rep,phone_poll
884,45-64,dem,phone_poll
885,65+,rep,phone_poll
886,18-29,rep,phone_poll
887,65+,rep,phone_poll
888,45-64,dem,phone_poll
889,45-64,dem,phone_poll
890,65+,dem,phone_poll
891,65+,dem,phone_poll
892,65+,dem,phone_poll
893,65+,rep,phone_poll
894,65+,rep,phone_poll
895,45-64,dem,phone_poll
896,65+,rep,phone_poll
897,30-44,dem,phone_poll
898,65+,rep,phone_poll
899,45-64,rep,phone_poll
900,65+,rep,phone_poll
901,18-29,rep,phone_poll
902,30-44,rep,phone_poll
903,65+,rep,phone_poll
904,65+,dem,phone_poll
905,18-29,dem,phone_poll
906,45-64,rep,phone_poll
907,30-44,dem,phone_poll
908,30-44,dem,phone_poll
909,45-64,rep,phone_poll
910,65+,rep,phone_poll
911,65+,rep,phone_poll
912,65+,dem,phone_poll
913,65+,dem,phone_poll
914,45-64,dem,phone_poll
915,30-44,dem,phone_poll
916,18-29,dem,phone_poll
917,65+,rep,phone_poll
918,45-64,rep,phone_poll
919,18-29,dem,phone_poll
920,65+,rep,phone_poll
921,30-44,rep,phone_poll
922,65+,rep,phone_poll
923,65+,undecided,phone_poll
924,45-64,rep,phone_poll
925,45-64,dem,phone_poll
926,65+,dem,phone_poll
927,30-44,undecided,phone_poll
928,65+,dem,phone_poll
929,30-44,dem,phone_poll
930,30-44,rep,phone_poll
931,65+,rep,phone_poll
932,45-64,dem,phone_poll
933,45-64,rep,phone_poll
934,65+,rep,phone_poll
935,65+,dem,phone_poll
936,45-64,rep,phone_poll
937,45-64,dem,phone_poll
938,45-64,undecided,phone_poll
939,65+,rep,phone_poll
940,65+,dem,phone_poll
941,45-64,dem,phone_poll
942,65+,rep,phone_poll
943,45-64,dem,phone_poll
944,45-64,rep,phone_poll
945,65+,dem,phone_poll
946,45-64,dem,phone_poll
947,65+,rep,phone_poll
948,65+,rep,phone_poll
949,30-44,dem,phone_poll
950,30-44,rep,phone_poll
951,45-64,rep,phone_poll
952,65+,rep,phone_poll
953,30-44,dem,phone_poll
954,45-64,rep,phone_poll
955,65+,rep,phone_poll
956,45-64,rep,phone_poll
957,45-64,rep,phone_poll
958,30-44,rep,phone_poll
959,45-64,dem,phone_poll
960,45-64,dem,phone_poll
961,30-44,rep,phone_poll
962,65+,dem,phone_poll
963,30-44,dem,phone_poll
964,65+,rep,phone_poll
965,30-44,rep,phone_poll
966,30-44,rep,phone_poll
967,65+,rep,phone_poll
968,45-64,dem,phone_poll
969,65+,dem,phone_poll
970,18-29,rep,phone_poll
971,45-64,rep,phone_poll
972,65+,rep,phone_poll
973,18-29,dem,phone_poll
974,45-64,dem,phone_poll
975,65+,rep,phone_poll
976,30-44,dem,phone_poll
977,45-64,rep,phone_poll
978,65+,rep,phone_poll
979,45-64,dem,phone_poll
980,65+,rep,phone_poll
981,45-64,rep,phone_poll
982,30-44,dem,phone_poll
983,30-44,rep,phone_poll
984,65+,rep,phone_poll
985,65+,dem,phone_poll
986,45-64,rep,phone_poll
987,45-64,dem,phone_poll
988,45-64,dem,phone_poll
989,45-64,undecided,phone_poll
990,45-64,rep,phone_poll
991,45-64,rep,phone_poll
992,30-44,rep,phone_poll
993,45-64,dem,phone_poll
994,65+,dem,phone_poll
995,65+,rep,phone_poll
996,30-44,rep,phone_poll
997,45-64,undecided,phone_poll
998,45-64,rep,phone_poll
999,45-64,rep,phone_poll
1000,30-44,rep,phone_poll
1001,30-44,rep,phone_poll
